"customer_id","region","country","acquisition_chan","total_spent","revenue_share_percent"
"12348","Europe","Spain","Influencer","30360.93","0.0087"
"11131","Europe","Spain","Influencer","22546.65","0.0065"
"12723","North America","Canada","Referral","19561.76","0.0056"
"10995","Europe","UK","Influencer","19496.63","0.0056"
"11387","Southeast Asia","Vietnam","Influencer","18730.1","0.0054"
"11835","Southeast Asia","Thailand","Referral","18114.42","0.0052"
"11046","Europe","UK","Organic","17960.45","0.0052"
"10837","North America","Mexico","Influencer","17822.03","0.0051"
"12965","Europe","Spain","Email","16732.93","0.0048"
"12478","North America","Mexico","Referral","16412.5","0.0047"
"12978","Southeast Asia","Vietnam","Organic","16030.08","0.0046"
"11493","Southeast Asia","Philippines","Organic","16017.48","0.0046"
"11302","Europe","Poland","Influencer","15695.02","0.0045"
"12251","Southeast Asia","Philippines","Influencer","15367.11","0.0044"
"12562","Southeast Asia","Vietnam","Influencer","15108.26","0.0043"
"10548","Europe","UK","Social Ads","14656.32","0.0042"
"12991","Southeast Asia","Vietnam","Referral","14433.89","0.0042"
"10414","North America","Mexico","Influencer","14336.28","0.0041"
"12057","Southeast Asia","Vietnam","Influencer","14304.93","0.0041"
"10146","North America","Canada","Organic","14026.84","0.004"
"12295","Southeast Asia","Indonesia","Organic","13480.46","0.0039"
"11222","Southeast Asia","Indonesia","Referral","13239.82","0.0038"
"12462","North America","USA","Organic","13022.92","0.0037"
"11717","Europe","UK","Email","12799.4","0.0037"
"12590","North America","USA","Influencer","12609.23","0.0036"
"12776","North America","USA","Influencer","12606.4","0.0036"
"12692","North America","USA","Organic","12439.24","0.0036"
"10359","North America","USA","Referral","12337.44","0.0036"
"11497","North America","Canada","Organic","11674.24","0.0034"
"11637","Latin America","Brazil","Referral","11598.22","0.0033"
"11069","Europe","France","Paid Search","11410.61","0.0033"
"12437","Europe","France","Organic","11324.94","0.0033"
"11464","Europe","France","Paid Search","11300.52","0.0033"
"12414","Southeast Asia","Indonesia","Organic","11212.59","0.0032"
"11839","Middle East","Turkey","Referral","11164.86","0.0032"
"10286","North America","USA","Paid Search","11048.66","0.0032"
"11370","Southeast Asia","Indonesia","Influencer","10959.56","0.0032"
"10539","Middle East","Turkey","Email","10615.72","0.0031"
"12766","Middle East","Turkey","Organic","10599.49","0.0031"
"11247","Europe","France","Influencer","10544.42","0.003"
"10220","Southeast Asia","Indonesia","Organic","10324.38","0.003"
"10370","Southeast Asia","Indonesia","Organic","10049.36","0.0029"
"11599","Europe","UK","Referral","9901.7","0.0029"
"10291","North America","Mexico","Social Ads","9336.13","0.0027"
"12463","North America","Mexico","Organic","9321.84","0.0027"
"10632","North America","Canada","Social Ads","9291.29","0.0027"
"11098","Southeast Asia","Philippines","Organic","8807.54","0.0025"
"11552","Southeast Asia","Philippines","Email","8680.02","0.0025"
"10801","Europe","Germany","Referral","8570.68","0.0025"
"12940","Southeast Asia","Thailand","Influencer","8551.08","0.0025"
"11909","Southeast Asia","Thailand","Social Ads","8527.13","0.0025"
"12657","Middle East","Saudi Arabia","Social Ads","8521.31","0.0025"
"10333","Middle East","Saudi Arabia","Referral","8488.21","0.0024"
"10016","Europe","UK","Organic","8382.29","0.0024"
"10741","Southeast Asia","Philippines","Organic","8299.17","0.0024"
"11954","Latin America","Brazil","Social Ads","8296.14","0.0024"
"12701","North America","Canada","Organic","7997.06","0.0023"
"10179","Southeast Asia","Thailand","Influencer","7954.32","0.0023"
"12707","North America","USA","Influencer","7936.73","0.0023"
"12425","Middle East","UAE","Organic","7666.49","0.0022"
"12646","North America","Canada","Email","7435.52","0.0021"
"11298","Southeast Asia","Philippines","Referral","7389.44","0.0021"
"10697","Middle East","UAE","Influencer","7291.57","0.0021"
"12629","North America","USA","Social Ads","7233.52","0.0021"
"10699","Europe","France","Email","7042.13","0.002"
"11468","Southeast Asia","Vietnam","Organic","6862.97","0.002"
"11522","North America","USA","Influencer","6780.65","0.002"
"10442","Europe","Spain","Organic","6749.55","0.0019"
"10530","Europe","Spain","Social Ads","6704.3099999999995","0.0019"
"10977","Middle East","Turkey","Paid Search","6696.849999999999","0.0019"
"12340","Southeast Asia","Philippines","Organic","6595.57","0.0019"
"10814","Southeast Asia","Indonesia","Paid Search","6535.9400000000005","0.0019"
"12626","Europe","Spain","Email","6535.71","0.0019"
"11024","Middle East","UAE","Paid Search","6502.2300000000005","0.0019"
"12089","Europe","UK","Paid Search","6486.81","0.0019"
"10601","North America","Canada","Organic","6473.6","0.0019"
"12029","Europe","Poland","Social Ads","6446.04","0.0019"
"11320","Southeast Asia","Philippines","Referral","6375.89","0.0018"
"10946","Southeast Asia","Indonesia","Paid Search","6337.61","0.0018"
"11756","North America","Canada","Social Ads","6322.59","0.0018"
"11080","Latin America","Argentina","Influencer","6250.63","0.0018"
"12953","North America","USA","Paid Search","6142.67","0.0018"
"11997","Europe","Germany","Social Ads","6126.65","0.0018"
"10943","Southeast Asia","Thailand","Social Ads","6089.05","0.0018"
"11412","North America","USA","Email","5849.21","0.0017"
"11737","Europe","Germany","Social Ads","5696.5199999999995","0.0016"
"11200","North America","USA","Organic","5637.55","0.0016"
"11022","Europe","France","Paid Search","5585.63","0.0016"
"10572","Southeast Asia","Indonesia","Organic","5581.32","0.0016"
"11087","Latin America","Chile","Email","5569.53","0.0016"
"12664","North America","Mexico","Referral","5501.46","0.0016"
"10067","Europe","Poland","Referral","5492.36","0.0016"
"12558","North America","USA","Influencer","5469.79","0.0016"
"12447","North America","USA","Paid Search","5376.42","0.0015"
"12018","Latin America","Brazil","Organic","5309.7","0.0015"
"10206","Southeast Asia","Thailand","Social Ads","5288.88","0.0015"
"11219","North America","Canada","Email","5253.92","0.0015"
"11300","North America","USA","Influencer","5224.9400000000005","0.0015"
"10324","Latin America","Argentina","Organic","5203.87","0.0015"
"11610","Europe","France","Organic","5181.34","0.0015"
"10658","Latin America","Brazil","Paid Search","5175.18","0.0015"
"12681","Europe","Germany","Referral","5131.09","0.0015"
"10066","North America","Canada","Email","5085.04","0.0015"
"11341","Southeast Asia","Thailand","Paid Search","5067.5199999999995","0.0015"
"12916","North America","Canada","Paid Search","5058.22","0.0015"
"10509","Latin America","Argentina","Social Ads","5033.36","0.0014"
"11999","North America","Mexico","Paid Search","4988.01","0.0014"
"11121","Southeast Asia","Philippines","Social Ads","4909.11","0.0014"
"12400","North America","USA","Organic","4759.83","0.0014"
"10398","Europe","Germany","Email","4759.69","0.0014"
"12134","Southeast Asia","Philippines","Influencer","4757.93","0.0014"
"12731","North America","USA","Social Ads","4750.2","0.0014"
"12015","Southeast Asia","Vietnam","Influencer","4729.75","0.0014"
"12306","Southeast Asia","Thailand","Influencer","4514.65","0.0013"
"11160","North America","Mexico","Referral","4495.59","0.0013"
"11279","North America","Mexico","Influencer","4492.860000000001","0.0013"
"10748","Europe","Poland","Paid Search","4479.71","0.0013"
"11015","Europe","Germany","Social Ads","4455.16","0.0013"
"11037","Europe","France","Influencer","4377.51","0.0013"
"11770","Middle East","Turkey","Influencer","4345.8","0.0013"
"11321","Europe","Germany","Email","4331.42","0.0012"
"10587","Latin America","Brazil","Paid Search","4304.84","0.0012"
"12939","Latin America","Argentina","Referral","4274.0599999999995","0.0012"
"11494","Europe","Spain","Social Ads","4267.83","0.0012"
"10001","Middle East","Turkey","Referral","4219.33","0.0012"
"11933","Southeast Asia","Indonesia","Referral","4161.07","0.0012"
"10888","Middle East","Turkey","Paid Search","4150.47","0.0012"
"11119","Latin America","Brazil","Social Ads","4139.3099999999995","0.0012"
"11353","North America","USA","Influencer","4078.42","0.0012"
"12975","Europe","Germany","Influencer","4058.7200000000003","0.0012"
"12656","Latin America","Chile","Paid Search","4036.01","0.0012"
"11192","Europe","France","Influencer","4028.48","0.0012"
"11020","North America","Mexico","Influencer","3970.54","0.0011"
"11000","North America","Canada","Organic","3897.13","0.0011"
"11926","Latin America","Brazil","Referral","3869.89","0.0011"
"10056","Latin America","Argentina","Email","3856.03","0.0011"
"10816","Latin America","Argentina","Organic","3853.7799999999997","0.0011"
"11143","Southeast Asia","Vietnam","Organic","3834.11","0.0011"
"11803","Europe","Germany","Influencer","3812.21","0.0011"
"11411","Europe","UK","Influencer","3796.21","0.0011"
"12929","North America","USA","Email","3775.81","0.0011"
"11115","Europe","Germany","Email","3766.1","0.0011"
"10406","Southeast Asia","Thailand","Social Ads","3721.55","0.0011"
"10604","Europe","Spain","Organic","3678.69","0.0011"
"12381","North America","USA","Email","3676.01","0.0011"
"12144","Southeast Asia","Thailand","Social Ads","3658.4700000000003","0.0011"
"10164","Europe","Germany","Influencer","3658.23","0.0011"
"10607","Europe","UK","Organic","3628.71","0.001"
"12749","Middle East","Saudi Arabia","Referral","3587.02","0.001"
"11580","Europe","Germany","Influencer","3518.66","0.001"
"12060","Southeast Asia","Vietnam","Organic","3475.0600000000004","0.001"
"11587","North America","USA","Paid Search","3467.71","0.001"
"11501","Europe","Spain","Organic","3452.5","0.001"
"12086","North America","USA","Paid Search","3439.5","0.001"
"11674","North America","USA","Influencer","3434.38","0.001"
"12449","Middle East","UAE","Social Ads","3429.04","0.001"
"12782","Latin America","Chile","Organic","3414.54","0.001"
"12265","North America","USA","Influencer","3388.17","0.001"
"10654","North America","Mexico","Organic","3372.64","0.001"
"10168","Europe","France","Organic","3306.91","0.001"
"12785","Europe","France","Organic","3304.02","0.001"
"12913","Europe","France","Referral","3293.43","0.0009"
"12925","North America","Canada","Social Ads","3272.31","0.0009"
"10689","North America","USA","Organic","3270.7200000000003","0.0009"
"11132","Europe","UK","Influencer","3267.98","0.0009"
"12836","Southeast Asia","Indonesia","Organic","3255.04","0.0009"
"10055","Latin America","Argentina","Social Ads","3252.8999999999996","0.0009"
"11392","North America","Mexico","Influencer","3251.6","0.0009"
"12687","Southeast Asia","Philippines","Social Ads","3249.9","0.0009"
"12097","Europe","Poland","Organic","3237.16","0.0009"
"12889","North America","Canada","Paid Search","3232.96","0.0009"
"10350","Middle East","UAE","Paid Search","3205.02","0.0009"
"11962","North America","Canada","Organic","3196.7000000000003","0.0009"
"11176","North America","Canada","Social Ads","3195.61","0.0009"
"11201","Europe","Poland","Referral","3162.48","0.0009"
"11296","Latin America","Argentina","Paid Search","3137.26","0.0009"
"10525","Europe","UK","Social Ads","3136.5099999999998","0.0009"
"10131","Europe","France","Influencer","3123.7200000000003","0.0009"
"11987","Europe","UK","Referral","3066.52","0.0009"
"11848","North America","Canada","Referral","3057.54","0.0009"
"11228","Europe","UK","Organic","3032.52","0.0009"
"10868","Europe","Poland","Email","3032.02","0.0009"
"10180","Southeast Asia","Vietnam","Social Ads","3026.48","0.0009"
"10660","Europe","France","Referral","3018.71","0.0009"
"10820","North America","Mexico","Social Ads","2998.71","0.0009"
"12871","Europe","Spain","Organic","2987.13","0.0009"
"12328","North America","Canada","Organic","2983.36","0.0009"
"12654","North America","USA","Influencer","2979.71","0.0009"
"11075","North America","Mexico","Organic","2971.83","0.0009"
"12158","Southeast Asia","Philippines","Organic","2962.44","0.0009"
"10681","Latin America","Chile","Referral","2943.4","0.0008"
"12999","North America","USA","Paid Search","2923.38","0.0008"
"11977","Southeast Asia","Indonesia","Organic","2918.27","0.0008"
"11290","Southeast Asia","Thailand","Organic","2916.2","0.0008"
"12245","Latin America","Chile","Organic","2913.17","0.0008"
"10582","Europe","Spain","Social Ads","2912.73","0.0008"
"11156","North America","Mexico","Influencer","2900.55","0.0008"
"10156","North America","Canada","Influencer","2894.9300000000003","0.0008"
"10158","Europe","Spain","Influencer","2880.88","0.0008"
"11175","Europe","Poland","Social Ads","2880.72","0.0008"
"11622","North America","Mexico","Referral","2880.66","0.0008"
"11163","Europe","Poland","Organic","2869.6099999999997","0.0008"
"10209","Latin America","Argentina","Influencer","2867.46","0.0008"
"10353","North America","USA","Influencer","2861.9900000000002","0.0008"
"12457","Europe","France","Organic","2852.44","0.0008"
"12085","Southeast Asia","Thailand","Organic","2829.87","0.0008"
"10974","Latin America","Brazil","Organic","2826.48","0.0008"
"12893","Latin America","Argentina","Influencer","2817.17","0.0008"
"12231","Europe","France","Influencer","2815.02","0.0008"
"10547","North America","USA","Influencer","2810.6800000000003","0.0008"
"11852","North America","USA","Influencer","2787.54","0.0008"
"11581","Middle East","Turkey","Paid Search","2787.51","0.0008"
"10742","North America","Mexico","Referral","2782.2400000000002","0.0008"
"12568","North America","USA","Email","2779.4","0.0008"
"11011","North America","Canada","Referral","2756.54","0.0008"
"11733","Southeast Asia","Thailand","Influencer","2730.31","0.0008"
"11352","Middle East","Saudi Arabia","Organic","2726.24","0.0008"
"10409","Southeast Asia","Vietnam","Organic","2724.29","0.0008"
"10136","Southeast Asia","Indonesia","Organic","2723.12","0.0008"
"12356","Middle East","Saudi Arabia","Organic","2711.11","0.0008"
"12401","Latin America","Brazil","Paid Search","2710.75","0.0008"
"11278","Europe","Spain","Paid Search","2689.12","0.0008"
"12547","Middle East","Turkey","Influencer","2678.2200000000003","0.0008"
"11799","Southeast Asia","Indonesia","Organic","2671.27","0.0008"
"10643","Southeast Asia","Vietnam","Paid Search","2669.54","0.0008"
"12024","North America","Mexico","Organic","2666.73","0.0008"
"12958","Europe","France","Influencer","2662.88","0.0008"
"12277","Europe","France","Email","2661.6","0.0008"
"10347","Latin America","Argentina","Email","2660.29","0.0008"
"11106","North America","Mexico","Organic","2649.18","0.0008"
"11213","North America","Mexico","Referral","2648.1","0.0008"
"11483","Europe","France","Referral","2622.64","0.0008"
"10834","Europe","Germany","Email","2612.77","0.0008"
"12857","North America","Mexico","Referral","2612.24","0.0008"
"10606","North America","Canada","Organic","2595","0.0007"
"10610","Middle East","Saudi Arabia","Referral","2590.53","0.0007"
"12039","North America","Canada","Referral","2584.7000000000003","0.0007"
"10157","Europe","France","Organic","2579.92","0.0007"
"11198","Europe","UK","Influencer","2572.59","0.0007"
"12811","North America","Mexico","Organic","2559.92","0.0007"
"12333","Southeast Asia","Philippines","Organic","2555.52","0.0007"
"11294","Latin America","Argentina","Organic","2553.86","0.0007"
"10141","Southeast Asia","Philippines","Referral","2553.46","0.0007"
"12030","North America","Canada","Influencer","2546.83","0.0007"
"10680","Latin America","Brazil","Email","2542.6299999999997","0.0007"
"10279","North America","USA","Email","2542.42","0.0007"
"10764","Europe","Spain","Email","2531.61","0.0007"
"11831","North America","Mexico","Social Ads","2525.33","0.0007"
"12043","Latin America","Brazil","Social Ads","2522.56","0.0007"
"10880","Latin America","Argentina","Influencer","2521.58","0.0007"
"11696","Latin America","Chile","Organic","2514.96","0.0007"
"12061","Latin America","Argentina","Referral","2511.23","0.0007"
"10185","Europe","Spain","Paid Search","2509.23","0.0007"
"12237","Europe","Germany","Referral","2505.8599999999997","0.0007"
"10723","North America","USA","Organic","2490.47","0.0007"
"11673","Europe","France","Influencer","2486.04","0.0007"
"11381","North America","Canada","Organic","2483.5","0.0007"
"10584","Latin America","Chile","Referral","2480.7400000000002","0.0007"
"11809","North America","USA","Organic","2476.15","0.0007"
"11324","Europe","France","Referral","2458.4700000000003","0.0007"
"12698","North America","Canada","Referral","2454.71","0.0007"
"11112","Middle East","Saudi Arabia","Email","2448.44","0.0007"
"10794","Europe","France","Organic","2448.4100000000003","0.0007"
"12428","North America","Canada","Paid Search","2443.44","0.0007"
"11931","North America","USA","Organic","2437.19","0.0007"
"11634","Latin America","Argentina","Social Ads","2432.48","0.0007"
"12187","Latin America","Argentina","Referral","2428.96","0.0007"
"10956","Southeast Asia","Indonesia","Email","2427.31","0.0007"
"10671","Europe","Poland","Paid Search","2423.89","0.0007"
"12640","Europe","France","Email","2411.44","0.0007"
"12468","Latin America","Chile","Referral","2409.32","0.0007"
"11438","Middle East","Saudi Arabia","Influencer","2408.2599999999998","0.0007"
"10326","Europe","Germany","Influencer","2403.92","0.0007"
"12250","Middle East","UAE","Organic","2398.55","0.0007"
"10229","Europe","UK","Referral","2395.63","0.0007"
"10674","North America","Canada","Organic","2392.59","0.0007"
"12115","Europe","Germany","Email","2391.23","0.0007"
"11368","North America","USA","Influencer","2379.12","0.0007"
"11986","North America","Canada","Email","2378.64","0.0007"
"10088","Europe","France","Influencer","2374.48","0.0007"
"12539","Middle East","Turkey","Referral","2359.7200000000003","0.0007"
"10188","Southeast Asia","Indonesia","Referral","2356.44","0.0007"
"10019","Europe","Poland","Organic","2351.7799999999997","0.0007"
"11815","North America","Canada","Paid Search","2343.9900000000002","0.0007"
"11626","Southeast Asia","Vietnam","Organic","2336.94","0.0007"
"12096","Middle East","Saudi Arabia","Referral","2336.66","0.0007"
"12297","Europe","Germany","Organic","2334.58","0.0007"
"11073","Middle East","Turkey","Influencer","2331.5099999999998","0.0007"
"12307","Latin America","Brazil","Influencer","2329.96","0.0007"
"12578","North America","USA","Organic","2322.27","0.0007"
"12826","Europe","France","Influencer","2316.81","0.0007"
"12289","Southeast Asia","Philippines","Organic","2315.88","0.0007"
"12529","Southeast Asia","Vietnam","Referral","2313.13","0.0007"
"12355","Latin America","Brazil","Social Ads","2307.7","0.0007"
"12174","Europe","Poland","Influencer","2306.23","0.0007"
"11419","North America","USA","Referral","2291.28","0.0007"
"12606","Latin America","Brazil","Organic","2289.68","0.0007"
"11525","Europe","Spain","Organic","2279.81","0.0007"
"12972","Latin America","Argentina","Organic","2279.42","0.0007"
"10862","Latin America","Brazil","Influencer","2273.27","0.0007"
"12693","North America","Canada","Referral","2272.63","0.0007"
"12145","Europe","Spain","Paid Search","2269.93","0.0007"
"12588","North America","Mexico","Social Ads","2266.94","0.0007"
"10337","Southeast Asia","Thailand","Organic","2265.0099999999998","0.0007"
"12487","Latin America","Argentina","Organic","2251.54","0.0006"
"12022","Europe","France","Social Ads","2249.2599999999998","0.0006"
"10933","North America","Mexico","Organic","2248.35","0.0006"
"12809","Latin America","Brazil","Influencer","2237.67","0.0006"
"12392","Middle East","UAE","Referral","2233.63","0.0006"
"10952","Southeast Asia","Vietnam","Organic","2230.9","0.0006"
"12185","Europe","Spain","Organic","2225.5299999999997","0.0006"
"10121","Latin America","Brazil","Influencer","2222.32","0.0006"
"10578","Southeast Asia","Thailand","Organic","2212.7999999999997","0.0006"
"11877","Europe","France","Organic","2209.48","0.0006"
"12862","Latin America","Argentina","Organic","2208.9500000000003","0.0006"
"12091","Southeast Asia","Vietnam","Organic","2196.47","0.0006"
"10331","Europe","Germany","Referral","2191.03","0.0006"
"11242","North America","USA","Organic","2186.73","0.0006"
"10210","Middle East","UAE","Influencer","2184.54","0.0006"
"12932","Latin America","Brazil","Influencer","2183.04","0.0006"
"11792","North America","USA","Organic","2181.4","0.0006"
"11714","North America","USA","Email","2172.38","0.0006"
"10955","Europe","Spain","Email","2171.24","0.0006"
"11331","Europe","Spain","Influencer","2160.15","0.0006"
"11603","Europe","France","Email","2160.05","0.0006"
"10165","Southeast Asia","Thailand","Email","2154.11","0.0006"
"12466","North America","Canada","Influencer","2153.11","0.0006"
"12973","Europe","Spain","Email","2152.84","0.0006"
"11358","Europe","Poland","Paid Search","2151.1","0.0006"
"12229","Southeast Asia","Philippines","Influencer","2149.11","0.0006"
"11394","Middle East","Turkey","Paid Search","2143.26","0.0006"
"12430","Europe","UK","Organic","2136.87","0.0006"
"12021","North America","Canada","Influencer","2126.15","0.0006"
"12318","North America","Canada","Influencer","2125.56","0.0006"
"12454","Europe","France","Referral","2124.04","0.0006"
"12517","North America","Canada","Referral","2118.2","0.0006"
"11991","Europe","Germany","Influencer","2106.93","0.0006"
"11345","Europe","UK","Referral","2105.42","0.0006"
"10710","Europe","UK","Organic","2097.92","0.0006"
"12092","Southeast Asia","Philippines","Organic","2096.18","0.0006"
"12998","Europe","UK","Organic","2092.83","0.0006"
"11174","Europe","France","Referral","2089.43","0.0006"
"11555","Europe","France","Organic","2088.78","0.0006"
"12832","Southeast Asia","Thailand","Organic","2085.54","0.0006"
"10806","North America","Mexico","Organic","2085.35","0.0006"
"12434","North America","Mexico","Email","2081.63","0.0006"
"12503","North America","Mexico","Paid Search","2079.1800000000003","0.0006"
"12168","Southeast Asia","Indonesia","Influencer","2075.14","0.0006"
"11890","Latin America","Argentina","Influencer","2075.02","0.0006"
"10335","North America","Canada","Organic","2074.1","0.0006"
"10475","North America","Mexico","Referral","2061.09","0.0006"
"11166","Middle East","UAE","Email","2060.23","0.0006"
"12151","North America","Mexico","Referral","2058.87","0.0006"
"11561","North America","Canada","Social Ads","2049.59","0.0006"
"11542","Europe","Spain","Influencer","2041.69","0.0006"
"11220","North America","Mexico","Email","2040.2","0.0006"
"11414","North America","USA","Organic","2040.1399999999999","0.0006"
"12429","Latin America","Argentina","Organic","2036.61","0.0006"
"11940","Europe","UK","Organic","2036.3999999999999","0.0006"
"10020","Southeast Asia","Indonesia","Organic","2033.9","0.0006"
"11953","Middle East","UAE","Social Ads","2030.6","0.0006"
"10100","North America","Mexico","Organic","2028.61","0.0006"
"12109","Europe","Poland","Organic","2028.1","0.0006"
"10385","Middle East","UAE","Influencer","2027.75","0.0006"
"11401","Middle East","UAE","Paid Search","2025.9299999999998","0.0006"
"10294","Latin America","Argentina","Email","2022.51","0.0006"
"10171","Latin America","Brazil","Organic","2012.73","0.0006"
"10893","Southeast Asia","Philippines","Referral","2010.1000000000001","0.0006"
"11788","Latin America","Brazil","Influencer","2009.71","0.0006"
"11457","Middle East","UAE","Referral","2007.99","0.0006"
"10334","North America","Mexico","Organic","2000.84","0.0006"
"11197","North America","Mexico","Influencer","2000.15","0.0006"
"11546","Middle East","UAE","Referral","1999.74","0.0006"
"11188","Europe","France","Referral","1999.52","0.0006"
"10455","North America","Mexico","Influencer","1998.36","0.0006"
"12170","North America","Canada","Email","1993.4","0.0006"
"10346","Latin America","Argentina","Influencer","1986.36","0.0006"
"12721","North America","Canada","Organic","1983.74","0.0006"
"10047","Europe","Poland","Organic","1981.6499999999999","0.0006"
"11095","Latin America","Brazil","Referral","1978.34","0.0006"
"12729","North America","Mexico","Organic","1977.6200000000001","0.0006"
"10684","Europe","France","Referral","1975.1000000000001","0.0006"
"12732","Latin America","Chile","Paid Search","1972.94","0.0006"
"11257","North America","Canada","Referral","1971.3","0.0006"
"11864","Latin America","Brazil","Referral","1961.26","0.0006"
"10961","Europe","UK","Organic","1959.1899999999998","0.0006"
"11284","North America","Canada","Organic","1958.97","0.0006"
"10835","Latin America","Brazil","Organic","1957.95","0.0006"
"11074","Europe","France","Organic","1952.6299999999999","0.0006"
"11854","Latin America","Argentina","Referral","1946.99","0.0006"
"12861","Latin America","Argentina","Organic","1946.36","0.0006"
"10492","North America","Canada","Referral","1938.75","0.0006"
"11841","Middle East","Saudi Arabia","Influencer","1937.51","0.0006"
"10811","Latin America","Argentina","Organic","1935.77","0.0006"
"10448","North America","Canada","Social Ads","1935.37","0.0006"
"11036","Southeast Asia","Thailand","Social Ads","1930.22","0.0006"
"10199","Europe","UK","Email","1929.3899999999999","0.0006"
"10145","Latin America","Chile","Social Ads","1924.8","0.0006"
"11269","Europe","Poland","Email","1923.64","0.0006"
"12345","North America","Mexico","Influencer","1914.85","0.0006"
"11190","Middle East","Turkey","Referral","1914.34","0.0006"
"10640","Europe","France","Organic","1913.59","0.0006"
"12748","Middle East","UAE","Social Ads","1913.22","0.0006"
"10668","North America","USA","Referral","1907.93","0.0005"
"11648","Southeast Asia","Philippines","Influencer","1907.45","0.0005"
"12962","North America","USA","Referral","1905.3600000000001","0.0005"
"11014","Europe","Germany","Email","1903.6299999999999","0.0005"
"11723","Latin America","Chile","Referral","1903.04","0.0005"
"11593","North America","USA","Influencer","1900.54","0.0005"
"12561","Middle East","Turkey","Organic","1899.1799999999998","0.0005"
"11564","North America","Mexico","Influencer","1895.65","0.0005"
"11150","Europe","UK","Influencer","1895.3","0.0005"
"10348","Europe","Germany","Organic","1890.69","0.0005"
"11340","North America","Mexico","Influencer","1888.39","0.0005"
"12002","Latin America","Argentina","Email","1887.7700000000002","0.0005"
"10613","Middle East","Turkey","Referral","1886.02","0.0005"
"12436","North America","Canada","Organic","1880.24","0.0005"
"11454","Southeast Asia","Thailand","Email","1877.39","0.0005"
"11873","Southeast Asia","Vietnam","Referral","1875.29","0.0005"
"12511","Middle East","Saudi Arabia","Organic","1875.07","0.0005"
"11195","Middle East","Saudi Arabia","Social Ads","1872.79","0.0005"
"12037","Middle East","Saudi Arabia","Influencer","1871.89","0.0005"
"12581","Southeast Asia","Vietnam","Organic","1865.74","0.0005"
"11418","North America","Mexico","Influencer","1861.24","0.0005"
"10462","Europe","Poland","Social Ads","1859.43","0.0005"
"10106","Europe","Germany","Organic","1854.5700000000002","0.0005"
"12309","Southeast Asia","Thailand","Email","1854.0900000000001","0.0005"
"12253","North America","Mexico","Organic","1853.87","0.0005"
"11291","Southeast Asia","Vietnam","Organic","1848.49","0.0005"
"11774","Europe","UK","Referral","1842.53","0.0005"
"12046","Europe","Spain","Organic","1842.26","0.0005"
"12344","North America","USA","Paid Search","1842.13","0.0005"
"10302","Europe","Germany","Organic","1841.94","0.0005"
"11390","North America","Canada","Organic","1841.85","0.0005"
"10240","North America","USA","Organic","1836.03","0.0005"
"12287","Southeast Asia","Philippines","Organic","1832.06","0.0005"
"12833","North America","Canada","Referral","1826.8799999999999","0.0005"
"12556","Europe","Spain","Social Ads","1825.64","0.0005"
"10804","Southeast Asia","Thailand","Organic","1822.45","0.0005"
"10060","North America","Mexico","Organic","1822.3600000000001","0.0005"
"12852","Latin America","Chile","Influencer","1822.05","0.0005"
"12943","North America","USA","Paid Search","1821.77","0.0005"
"11342","Southeast Asia","Indonesia","Influencer","1816.0800000000002","0.0005"
"10038","Middle East","Saudi Arabia","Organic","1809.68","0.0005"
"10818","North America","Canada","Referral","1808.27","0.0005"
"11939","Latin America","Brazil","Email","1807.39","0.0005"
"10069","Europe","Spain","Influencer","1806.3799999999999","0.0005"
"11043","Europe","France","Organic","1805.6","0.0005"
"11906","Middle East","UAE","Influencer","1803","0.0005"
"11503","Europe","Spain","Social Ads","1800.53","0.0005"
"11396","Latin America","Chile","Organic","1798.42","0.0005"
"11907","Europe","Spain","Organic","1795.47","0.0005"
"11504","Europe","Poland","Email","1793.99","0.0005"
"12769","North America","Canada","Email","1793.84","0.0005"
"11691","Middle East","Saudi Arabia","Paid Search","1789.6799999999998","0.0005"
"12783","North America","USA","Social Ads","1786.79","0.0005"
"11889","North America","USA","Organic","1781.35","0.0005"
"10013","Southeast Asia","Thailand","Email","1779.94","0.0005"
"11829","Latin America","Chile","Organic","1777.55","0.0005"
"12225","Europe","UK","Organic","1777.32","0.0005"
"10562","Middle East","UAE","Organic","1764.1","0.0005"
"10436","Europe","Spain","Organic","1763.5600000000002","0.0005"
"10930","Southeast Asia","Indonesia","Influencer","1763.1399999999999","0.0005"
"12267","Middle East","Saudi Arabia","Email","1761.4099999999999","0.0005"
"11720","North America","Canada","Referral","1760.6499999999999","0.0005"
"10119","Latin America","Argentina","Organic","1759.0800000000002","0.0005"
"11462","North America","Canada","Organic","1758.58","0.0005"
"12891","Europe","UK","Organic","1757.1","0.0005"
"12633","Latin America","Argentina","Organic","1756.54","0.0005"
"12230","Southeast Asia","Thailand","Referral","1755.89","0.0005"
"11469","Latin America","Chile","Influencer","1752.71","0.0005"
"10522","Southeast Asia","Indonesia","Influencer","1752.44","0.0005"
"10081","Latin America","Chile","Social Ads","1750.65","0.0005"
"10354","North America","Canada","Influencer","1748.75","0.0005"
"12316","North America","Canada","Referral","1745.06","0.0005"
"10151","Middle East","UAE","Social Ads","1744.04","0.0005"
"12396","Latin America","Brazil","Organic","1741.49","0.0005"
"11655","North America","USA","Referral","1741.41","0.0005"
"12950","North America","Canada","Referral","1740.95","0.0005"
"11097","Latin America","Brazil","Influencer","1734.97","0.0005"
"11050","North America","Canada","Organic","1733.29","0.0005"
"12106","North America","Canada","Email","1732.8600000000001","0.0005"
"11914","Middle East","UAE","Email","1728.75","0.0005"
"10991","Middle East","UAE","Organic","1727.98","0.0005"
"12222","Latin America","Chile","Influencer","1720.72","0.0005"
"12438","Southeast Asia","Indonesia","Influencer","1719.41","0.0005"
"12129","Southeast Asia","Indonesia","Referral","1719.35","0.0005"
"12790","Latin America","Argentina","Social Ads","1717.96","0.0005"
"12262","Southeast Asia","Indonesia","Social Ads","1715.17","0.0005"
"11102","North America","USA","Referral","1713.68","0.0005"
"11716","Latin America","Chile","Organic","1713.26","0.0005"
"10719","Latin America","Chile","Organic","1711.78","0.0005"
"12384","Latin America","Brazil","Email","1709.45","0.0005"
"10224","Southeast Asia","Philippines","Organic","1698.56","0.0005"
"11893","Europe","Germany","Organic","1697.5","0.0005"
"12582","Middle East","Turkey","Referral","1692.39","0.0005"
"12593","Southeast Asia","Vietnam","Social Ads","1691.27","0.0005"
"11998","Southeast Asia","Philippines","Referral","1689.81","0.0005"
"12017","North America","USA","Influencer","1689.33","0.0005"
"12740","Southeast Asia","Thailand","Referral","1689.32","0.0005"
"11722","North America","Canada","Organic","1686.95","0.0005"
"10092","Middle East","Turkey","Influencer","1686.62","0.0005"
"12914","North America","USA","Social Ads","1685.46","0.0005"
"10187","Latin America","Argentina","Influencer","1685.33","0.0005"
"11158","Europe","Spain","Email","1684.8899999999999","0.0005"
"10996","Southeast Asia","Indonesia","Paid Search","1682.71","0.0005"
"12911","Europe","France","Influencer","1680.9099999999999","0.0005"
"12569","North America","Mexico","Organic","1677.93","0.0005"
"10980","Middle East","Turkey","Organic","1675.7","0.0005"
"12423","Southeast Asia","Philippines","Influencer","1671.2199999999998","0.0005"
"10258","Southeast Asia","Thailand","Email","1670.8","0.0005"
"10265","Southeast Asia","Thailand","Influencer","1664.82","0.0005"
"10928","Southeast Asia","Philippines","Influencer","1662.06","0.0005"
"11583","Europe","UK","Organic","1660.74","0.0005"
"10137","North America","Mexico","Referral","1660.24","0.0005"
"12750","North America","Mexico","Organic","1659.71","0.0005"
"12827","North America","Canada","Referral","1658.97","0.0005"
"10734","Latin America","Brazil","Paid Search","1655.46","0.0005"
"11027","Europe","Poland","Email","1652.1299999999999","0.0005"
"11062","Europe","UK","Referral","1650.48","0.0005"
"11261","Latin America","Brazil","Influencer","1646.52","0.0005"
"10234","North America","Canada","Influencer","1644.14","0.0005"
"11550","Europe","Poland","Organic","1643.94","0.0005"
"11651","North America","Mexico","Paid Search","1643.54","0.0005"
"10404","Europe","Germany","Social Ads","1643.28","0.0005"
"11575","Latin America","Brazil","Paid Search","1643.09","0.0005"
"10642","North America","USA","Referral","1642.05","0.0005"
"12671","Middle East","Saudi Arabia","Social Ads","1641.22","0.0005"
"11951","Middle East","Saudi Arabia","Social Ads","1640.18","0.0005"
"12737","Southeast Asia","Indonesia","Social Ads","1635.59","0.0005"
"11407","Middle East","Turkey","Referral","1634.7","0.0005"
"11276","North America","USA","Influencer","1634.52","0.0005"
"10841","Southeast Asia","Philippines","Email","1633.41","0.0005"
"11898","Middle East","Turkey","Email","1632.27","0.0005"
"12986","North America","Mexico","Email","1632.2","0.0005"
"12380","Middle East","Saudi Arabia","Organic","1631.54","0.0005"
"10011","North America","USA","Referral","1631.53","0.0005"
"12831","Southeast Asia","Philippines","Social Ads","1630.5600000000002","0.0005"
"11708","North America","Mexico","Social Ads","1628.44","0.0005"
"12379","Europe","France","Organic","1627.85","0.0005"
"11003","Europe","Poland","Organic","1625.1","0.0005"
"11511","Middle East","UAE","Referral","1624.51","0.0005"
"10889","Latin America","Brazil","Referral","1623.68","0.0005"
"10501","North America","USA","Influencer","1623.48","0.0005"
"11171","North America","Mexico","Influencer","1622.45","0.0005"
"12706","Latin America","Chile","Social Ads","1622.07","0.0005"
"10906","Middle East","UAE","Email","1618.32","0.0005"
"11980","North America","USA","Organic","1616.64","0.0005"
"10707","Middle East","Turkey","Organic","1616.32","0.0005"
"11894","Europe","France","Email","1607.6499999999999","0.0005"
"11268","Southeast Asia","Thailand","Email","1606.1399999999999","0.0005"
"12966","Europe","France","Email","1603.75","0.0005"
"12201","Latin America","Chile","Paid Search","1601.79","0.0005"
"11148","Middle East","UAE","Social Ads","1598.14","0.0005"
"10776","Latin America","Chile","Paid Search","1593.69","0.0005"
"11573","Southeast Asia","Thailand","Organic","1583.48","0.0005"
"10537","North America","USA","Influencer","1582.95","0.0005"
"10503","Southeast Asia","Indonesia","Social Ads","1581.8700000000001","0.0005"
"11875","North America","Canada","Referral","1581.56","0.0005"
"10819","North America","USA","Email","1579.05","0.0005"
"11642","North America","Mexico","Email","1577.84","0.0005"
"11338","Middle East","Turkey","Influencer","1576.75","0.0005"
"12408","North America","Canada","Referral","1576.27","0.0005"
"10550","North America","USA","Referral","1575.42","0.0005"
"12548","Middle East","Saudi Arabia","Social Ads","1572.9399999999998","0.0005"
"10746","Southeast Asia","Vietnam","Paid Search","1572.52","0.0005"
"11783","Europe","France","Email","1571.95","0.0005"
"12354","North America","Canada","Influencer","1570.69","0.0005"
"11853","Europe","France","Email","1570.64","0.0005"
"10289","Latin America","Chile","Organic","1567.46","0.0005"
"12458","North America","USA","Influencer","1561.9","0.0004"
"11189","Europe","Germany","Referral","1555.3","0.0004"
"12885","Europe","Poland","Influencer","1554.8799999999999","0.0004"
"10758","North America","USA","Organic","1553.83","0.0004"
"12759","North America","Mexico","Paid Search","1552.96","0.0004"
"10626","Southeast Asia","Indonesia","Organic","1551.41","0.0004"
"12709","Latin America","Brazil","Social Ads","1548.5700000000002","0.0004"
"10788","Latin America","Argentina","Email","1543.98","0.0004"
"12598","North America","Canada","Email","1542.14","0.0004"
"12483","North America","Mexico","Organic","1541.87","0.0004"
"12163","North America","Mexico","Social Ads","1541.57","0.0004"
"12439","Southeast Asia","Vietnam","Paid Search","1537.47","0.0004"
"11016","Southeast Asia","Thailand","Social Ads","1537.31","0.0004"
"11441","Europe","Poland","Social Ads","1533.96","0.0004"
"12394","North America","USA","Organic","1529.44","0.0004"
"10082","Southeast Asia","Philippines","Influencer","1528.5800000000002","0.0004"
"11602","North America","USA","Email","1528.5700000000002","0.0004"
"11804","North America","Mexico","Organic","1526.78","0.0004"
"12575","Southeast Asia","Thailand","Referral","1526.26","0.0004"
"12611","Middle East","Saudi Arabia","Influencer","1522.9","0.0004"
"11089","North America","Mexico","Referral","1521.79","0.0004"
"12565","Europe","Spain","Organic","1520.94","0.0004"
"11574","Europe","Germany","Organic","1519.72","0.0004"
"11842","Latin America","Argentina","Organic","1519.36","0.0004"
"10850","Europe","Germany","Influencer","1518.9","0.0004"
"10712","Europe","UK","Influencer","1518.86","0.0004"
"10380","Southeast Asia","Thailand","Referral","1518.6399999999999","0.0004"
"11592","North America","Mexico","Paid Search","1518.3400000000001","0.0004"
"12249","Europe","UK","Organic","1518.03","0.0004"
"11769","Europe","Germany","Organic","1516.35","0.0004"
"12786","Europe","UK","Influencer","1515.1699999999998","0.0004"
"11404","Southeast Asia","Philippines","Organic","1514.86","0.0004"
"11927","Middle East","Turkey","Influencer","1512.44","0.0004"
"12543","Southeast Asia","Vietnam","Influencer","1505.99","0.0004"
"12074","North America","USA","Social Ads","1505.6399999999999","0.0004"
"12735","Middle East","UAE","Influencer","1502.3200000000002","0.0004"
"12924","North America","USA","Paid Search","1501.21","0.0004"
"10111","North America","Canada","Organic","1500.6100000000001","0.0004"
"12133","North America","Mexico","Email","1499.7","0.0004"
"10772","Europe","UK","Influencer","1498.45","0.0004"
"10824","Europe","France","Referral","1494.72","0.0004"
"10856","North America","Mexico","Social Ads","1493.3700000000001","0.0004"
"10762","Middle East","UAE","Influencer","1493.25","0.0004"
"11339","Southeast Asia","Indonesia","Referral","1493.14","0.0004"
"11633","Southeast Asia","Thailand","Social Ads","1493.06","0.0004"
"12150","Southeast Asia","Thailand","Paid Search","1492.0500000000002","0.0004"
"11760","North America","USA","Organic","1489.29","0.0004"
"11649","Latin America","Chile","Influencer","1488.05","0.0004"
"11850","Latin America","Chile","Email","1484.26","0.0004"
"12538","North America","USA","Influencer","1481.77","0.0004"
"10357","Southeast Asia","Thailand","Paid Search","1481.05","0.0004"
"10230","North America","USA","Social Ads","1479.52","0.0004"
"11063","Middle East","UAE","Referral","1479.44","0.0004"
"11920","Latin America","Chile","Email","1475.85","0.0004"
"10316","Southeast Asia","Indonesia","Email","1473.46","0.0004"
"12756","Southeast Asia","Philippines","Influencer","1469.97","0.0004"
"11509","Southeast Asia","Philippines","Organic","1469.86","0.0004"
"10182","Southeast Asia","Indonesia","Organic","1467.34","0.0004"
"10833","North America","Canada","Organic","1467.29","0.0004"
"11767","North America","USA","Influencer","1464.72","0.0004"
"12451","North America","USA","Email","1463.4299999999998","0.0004"
"11323","North America","USA","Organic","1462.6","0.0004"
"10656","Southeast Asia","Philippines","Organic","1458.6299999999999","0.0004"
"11570","North America","Mexico","Organic","1455.36","0.0004"
"10259","Europe","UK","Influencer","1453.51","0.0004"
"11701","Middle East","Saudi Arabia","Influencer","1451.5","0.0004"
"11514","North America","Mexico","Referral","1451.31","0.0004"
"10467","Europe","Germany","Social Ads","1451.16","0.0004"
"12419","North America","Mexico","Organic","1450.92","0.0004"
"10551","Latin America","Brazil","Social Ads","1450.71","0.0004"
"11303","Southeast Asia","Thailand","Social Ads","1449.32","0.0004"
"10871","Southeast Asia","Vietnam","Organic","1448.21","0.0004"
"11869","Southeast Asia","Vietnam","Email","1444.9299999999998","0.0004"
"11773","Europe","Germany","Social Ads","1444.23","0.0004"
"12587","Southeast Asia","Thailand","Organic","1443.7299999999998","0.0004"
"12668","Middle East","UAE","Email","1441.2","0.0004"
"11956","North America","USA","Paid Search","1440.98","0.0004"
"12946","Europe","UK","Organic","1439.58","0.0004"
"11959","Europe","France","Influencer","1437.42","0.0004"
"10059","Southeast Asia","Vietnam","Social Ads","1434.8799999999999","0.0004"
"11794","Middle East","UAE","Email","1428.57","0.0004"
"12171","Europe","Germany","Referral","1426.92","0.0004"
"12506","North America","Canada","Referral","1424.52","0.0004"
"12849","Southeast Asia","Philippines","Social Ads","1424.1100000000001","0.0004"
"11682","Europe","UK","Social Ads","1419.92","0.0004"
"11661","Europe","France","Email","1418.75","0.0004"
"10159","Europe","Spain","Organic","1418.23","0.0004"
"12272","Latin America","Argentina","Social Ads","1416.47","0.0004"
"11365","Europe","Poland","Organic","1413.96","0.0004"
"10769","Middle East","UAE","Organic","1412.47","0.0004"
"11372","Europe","Spain","Influencer","1411.19","0.0004"
"10695","Southeast Asia","Thailand","Referral","1410.74","0.0004"
"10966","North America","Canada","Paid Search","1410.1100000000001","0.0004"
"12546","North America","Mexico","Organic","1409.01","0.0004"
"12835","North America","Canada","Paid Search","1406.9","0.0004"
"10417","Europe","France","Email","1406.3","0.0004"
"11408","Europe","UK","Social Ads","1406.17","0.0004"
"11994","North America","USA","Social Ads","1405.92","0.0004"
"12641","North America","Canada","Influencer","1405.46","0.0004"
"12906","North America","USA","Influencer","1404.29","0.0004"
"11863","Southeast Asia","Vietnam","Referral","1401.4","0.0004"
"11652","Middle East","Turkey","Email","1399.0900000000001","0.0004"
"11582","North America","Mexico","Referral","1397.23","0.0004"
"10957","North America","Mexico","Organic","1394.53","0.0004"
"11199","Europe","Poland","Organic","1393.8700000000001","0.0004"
"12714","Middle East","UAE","Social Ads","1390.21","0.0004"
"11620","North America","USA","Organic","1387.49","0.0004"
"11091","Europe","France","Paid Search","1383.87","0.0004"
"12059","Europe","UK","Social Ads","1382.3799999999999","0.0004"
"10968","North America","Mexico","Organic","1380.32","0.0004"
"10546","North America","USA","Organic","1379.93","0.0004"
"10388","North America","Mexico","Referral","1378.54","0.0004"
"11140","Latin America","Chile","Social Ads","1377.21","0.0004"
"11484","North America","USA","Social Ads","1375.92","0.0004"
"11178","Latin America","Brazil","Email","1373.85","0.0004"
"10120","Middle East","UAE","Social Ads","1372.22","0.0004"
"11371","North America","Mexico","Email","1369.77","0.0004"
"10826","North America","Canada","Organic","1369.2","0.0004"
"12040","North America","USA","Referral","1367.88","0.0004"
"11448","Europe","Germany","Social Ads","1364.8899999999999","0.0004"
"12944","Southeast Asia","Vietnam","Organic","1363.78","0.0004"
"12051","North America","USA","Influencer","1363.29","0.0004"
"10620","Latin America","Brazil","Organic","1362.04","0.0004"
"10860","Europe","UK","Referral","1361.92","0.0004"
"11735","North America","USA","Organic","1359.2","0.0004"
"11061","Europe","France","Organic","1359.02","0.0004"
"11640","Europe","Germany","Email","1358.42","0.0004"
"12271","Europe","Germany","Influencer","1358.31","0.0004"
"11110","Latin America","Chile","Influencer","1357.91","0.0004"
"12028","Middle East","UAE","Social Ads","1356.36","0.0004"
"12744","Southeast Asia","Philippines","Social Ads","1355.86","0.0004"
"10939","Europe","Germany","Paid Search","1354.44","0.0004"
"10253","Europe","France","Email","1354.43","0.0004"
"10662","North America","Mexico","Referral","1353.94","0.0004"
"12586","Europe","UK","Social Ads","1353.59","0.0004"
"12818","Europe","Germany","Influencer","1353.23","0.0004"
"10339","North America","Canada","Influencer","1351.51","0.0004"
"11672","North America","Mexico","Organic","1350.32","0.0004"
"10112","North America","Canada","Organic","1349.03","0.0004"
"10969","Europe","Germany","Paid Search","1347.06","0.0004"
"12147","North America","Mexico","Organic","1344.3600000000001","0.0004"
"10520","North America","Mexico","Organic","1344.25","0.0004"
"12161","North America","Canada","Social Ads","1343.47","0.0004"
"10649","Southeast Asia","Thailand","Paid Search","1340.46","0.0004"
"10214","North America","Canada","Email","1340.26","0.0004"
"12926","Southeast Asia","Philippines","Influencer","1339.1100000000001","0.0004"
"10403","Europe","Germany","Organic","1338.31","0.0004"
"11697","North America","USA","Organic","1336.98","0.0004"
"10238","North America","Canada","Social Ads","1336.89","0.0004"
"11047","Southeast Asia","Indonesia","Social Ads","1336.59","0.0004"
"10340","Europe","Spain","Influencer","1335","0.0004"
"10393","North America","Mexico","Influencer","1334.99","0.0004"
"12534","North America","Mexico","Social Ads","1334.65","0.0004"
"12661","Latin America","Argentina","Email","1334.65","0.0004"
"12383","North America","USA","Email","1332.85","0.0004"
"11990","North America","Mexico","Influencer","1332.47","0.0004"
"11827","Southeast Asia","Indonesia","Organic","1330.81","0.0004"
"11253","Southeast Asia","Indonesia","Organic","1330.67","0.0004"
"10355","Southeast Asia","Philippines","Influencer","1328.02","0.0004"
"11883","Latin America","Argentina","Influencer","1326","0.0004"
"12530","Middle East","UAE","Organic","1325.62","0.0004"
"10130","Europe","Spain","Email","1324.45","0.0004"
"11677","Europe","UK","Social Ads","1323.52","0.0004"
"12550","Europe","France","Social Ads","1322.24","0.0004"
"11882","Southeast Asia","Indonesia","Influencer","1321.82","0.0004"
"10097","Southeast Asia","Indonesia","Influencer","1317.55","0.0004"
"11317","Southeast Asia","Philippines","Social Ads","1316.88","0.0004"
"12240","North America","USA","Referral","1316.69","0.0004"
"12762","Southeast Asia","Vietnam","Organic","1315.89","0.0004"
"11700","Europe","Poland","Email","1314.1599999999999","0.0004"
"10125","Europe","UK","Email","1313.54","0.0004"
"10147","Latin America","Argentina","Social Ads","1312.54","0.0004"
"12520","Middle East","Saudi Arabia","Organic","1311.49","0.0004"
"10641","North America","Mexico","Influencer","1309.49","0.0004"
"10497","North America","Canada","Organic","1308.03","0.0004"
"11275","Southeast Asia","Philippines","Paid Search","1305.5900000000001","0.0004"
"10310","North America","Mexico","Influencer","1304.28","0.0004"
"10555","North America","Mexico","Influencer","1303.91","0.0004"
"11878","Southeast Asia","Vietnam","Organic","1301.5900000000001","0.0004"
"12907","Southeast Asia","Indonesia","Email","1300.35","0.0004"
"10757","Europe","France","Email","1299.82","0.0004"
"11578","Middle East","UAE","Organic","1298.5900000000001","0.0004"
"10282","Latin America","Chile","Paid Search","1297.93","0.0004"
"10661","Europe","Spain","Paid Search","1297.92","0.0004"
"11334","Latin America","Argentina","Organic","1294.07","0.0004"
"10369","Southeast Asia","Philippines","Social Ads","1292.95","0.0004"
"11571","Latin America","Chile","Organic","1291.85","0.0004"
"10297","North America","USA","Paid Search","1291.57","0.0004"
"11548","Latin America","Chile","Email","1291.22","0.0004"
"11785","Southeast Asia","Indonesia","Organic","1290.49","0.0004"
"12027","Middle East","Saudi Arabia","Social Ads","1290.27","0.0004"
"12887","Latin America","Argentina","Social Ads","1288.33","0.0004"
"11491","Latin America","Brazil","Influencer","1288.21","0.0004"
"12667","Middle East","Turkey","Social Ads","1285.37","0.0004"
"10670","Latin America","Chile","Organic","1284.2","0.0004"
"11330","North America","Canada","Referral","1282.21","0.0004"
"12535","Middle East","UAE","Organic","1281.43","0.0004"
"11856","North America","Mexico","Organic","1280.9","0.0004"
"11270","Europe","Spain","Referral","1280.3799999999999","0.0004"
"12949","Southeast Asia","Vietnam","Influencer","1279.08","0.0004"
"12294","Middle East","Turkey","Social Ads","1278.3799999999999","0.0004"
"10022","Southeast Asia","Philippines","Paid Search","1277.41","0.0004"
"12644","Europe","Germany","Paid Search","1276.91","0.0004"
"12959","Europe","Poland","Organic","1275.01","0.0004"
"10099","Middle East","UAE","Influencer","1273.64","0.0004"
"11978","Latin America","Argentina","Influencer","1272.02","0.0004"
"12154","Middle East","Turkey","Influencer","1270.8","0.0004"
"10177","Europe","France","Organic","1270.57","0.0004"
"11955","North America","Mexico","Influencer","1269.5900000000001","0.0004"
"11520","Middle East","Turkey","Social Ads","1269.55","0.0004"
"10391","North America","Canada","Email","1268.69","0.0004"
"12828","Latin America","Brazil","Social Ads","1264.8400000000001","0.0004"
"10306","North America","USA","Influencer","1264.51","0.0004"
"11771","North America","Mexico","Referral","1261.28","0.0004"
"11399","Europe","Poland","Organic","1261.15","0.0004"
"10154","Middle East","Turkey","Social Ads","1258.71","0.0004"
"11289","Europe","Spain","Social Ads","1256.73","0.0004"
"12820","Latin America","Brazil","Referral","1255.53","0.0004"
"10470","Middle East","Saudi Arabia","Paid Search","1255.01","0.0004"
"10715","North America","Mexico","Email","1250.6299999999999","0.0004"
"11656","North America","USA","Influencer","1249.86","0.0004"
"11252","Europe","Spain","Referral","1246.77","0.0004"
"10312","Europe","UK","Influencer","1246.62","0.0004"
"10618","North America","USA","Influencer","1244.57","0.0004"
"10244","North America","Mexico","Organic","1244.16","0.0004"
"12494","Europe","France","Influencer","1244.06","0.0004"
"12203","Middle East","Turkey","Social Ads","1243.85","0.0004"
"11436","Southeast Asia","Indonesia","Organic","1241.1299999999999","0.0004"
"10796","Europe","Poland","Organic","1239.49","0.0004"
"10505","Southeast Asia","Philippines","Organic","1238.23","0.0004"
"12166","North America","Canada","Referral","1237.59","0.0004"
"11613","North America","USA","Organic","1235.71","0.0004"
"10483","Europe","Spain","Social Ads","1232","0.0004"
"12193","Europe","Germany","Paid Search","1229.6499999999999","0.0004"
"12614","Southeast Asia","Philippines","Paid Search","1229.19","0.0004"
"12360","North America","Mexico","Email","1227.82","0.0004"
"11258","North America","Mexico","Paid Search","1227.72","0.0004"
"12997","North America","USA","Email","1226.17","0.0004"
"10768","North America","USA","Influencer","1226.03","0.0004"
"11667","North America","USA","Influencer","1226","0.0004"
"12304","Europe","Germany","Organic","1225.21","0.0004"
"12542","Latin America","Chile","Paid Search","1224.89","0.0004"
"12223","Latin America","Chile","Social Ads","1224.76","0.0004"
"12713","North America","Canada","Social Ads","1223.6100000000001","0.0004"
"11524","Southeast Asia","Thailand","Organic","1223.45","0.0004"
"11064","Southeast Asia","Philippines","Social Ads","1221.6499999999999","0.0004"
"11459","North America","Mexico","Social Ads","1221.36","0.0004"
"11389","Southeast Asia","Philippines","Influencer","1220.1","0.0004"
"11670","Southeast Asia","Thailand","Influencer","1215.6200000000001","0.0003"
"11764","North America","USA","Influencer","1214.32","0.0003"
"10797","Southeast Asia","Indonesia","Referral","1213.68","0.0003"
"10233","Europe","UK","Influencer","1212.74","0.0003"
"11565","North America","Mexico","Influencer","1211","0.0003"
"11449","Latin America","Brazil","Organic","1210.93","0.0003"
"10538","Middle East","Saudi Arabia","Email","1210.15","0.0003"
"11006","Europe","France","Organic","1209.55","0.0003"
"10777","North America","Canada","Email","1205.36","0.0003"
"12683","Middle East","Saudi Arabia","Paid Search","1202.99","0.0003"
"12331","Middle East","Saudi Arabia","Influencer","1201.37","0.0003"
"11556","Europe","Germany","Organic","1200.04","0.0003"
"12514","North America","USA","Influencer","1199.74","0.0003"
"10124","Europe","France","Organic","1199.7","0.0003"
"12149","Southeast Asia","Vietnam","Influencer","1199.42","0.0003"
"11598","Latin America","Brazil","Paid Search","1198.31","0.0003"
"10609","North America","Mexico","Organic","1196.06","0.0003"
"12083","North America","Canada","Email","1195.35","0.0003"
"12864","Middle East","Saudi Arabia","Paid Search","1192.7099999999998","0.0003"
"10827","North America","Mexico","Email","1192.55","0.0003"
"11205","North America","Mexico","Organic","1188.59","0.0003"
"12845","Europe","Poland","Paid Search","1187.2","0.0003"
"10144","North America","Mexico","Organic","1185.67","0.0003"
"12573","North America","Mexico","Organic","1185.49","0.0003"
"11533","Southeast Asia","Indonesia","Organic","1185.37","0.0003"
"11067","Southeast Asia","Indonesia","Paid Search","1184.38","0.0003"
"12382","North America","USA","Paid Search","1184.13","0.0003"
"10128","Latin America","Chile","Referral","1183.71","0.0003"
"10149","North America","Canada","Organic","1182.92","0.0003"
"11805","Europe","Spain","Influencer","1182.52","0.0003"
"12303","North America","Mexico","Influencer","1181.41","0.0003"
"12339","Europe","Spain","Influencer","1180.86","0.0003"
"11181","Middle East","Turkey","Paid Search","1180.47","0.0003"
"10167","North America","Canada","Email","1180.31","0.0003"
"12433","North America","Mexico","Influencer","1179.67","0.0003"
"12207","North America","Mexico","Organic","1179.22","0.0003"
"11721","North America","Canada","Organic","1177","0.0003"
"11896","Europe","UK","Influencer","1176.72","0.0003"
"10589","Latin America","Brazil","Referral","1173.05","0.0003"
"11210","Europe","France","Email","1172.53","0.0003"
"11023","North America","USA","Email","1171.1299999999999","0.0003"
"11849","Southeast Asia","Thailand","Paid Search","1168.97","0.0003"
"10737","Europe","France","Referral","1165.56","0.0003"
"10802","Latin America","Chile","Paid Search","1164.62","0.0003"
